EXEC AddReport 'duis bibendum morbi non quam nec dui luctus rutrum nulla','Criminal Mischief','6/16/1951',1,'Marney','Neath','2140 Vernon Park','1','1'
EXEC AddReport 'libero nullam sit amet turpis elementum ligula vehicula consequat morbi','Criminal Mischief','10/17/1987',2,'Lilian','Cordelette','174 Forest Alley','2','2'
EXEC AddReport 'sapien arcu sed augue aliquam erat volutpat in congue etiam','Criminal Mischief','4/22/1990',3,'Norris','Senchenko','581 Dorton Crossing','3','3'
EXEC AddReport 'cubilia curae duis faucibus accumsan odio curabitur convallis duis consequat','Larceny','12/3/1999',4,'Terrel','Millom','75325 Goodland Trail','4','4'
EXEC AddReport 'lorem quisque ut erat curabitur gravida nisi at nibh in','Armed Robbery','1/12/1965',5,'Caril','Ferrierio','0 Birchwood Circle','5','5'
EXEC AddReport 'rhoncus mauris enim leo rhoncus sed vestibulum sit amet cursus','Criminal Mischief','7/3/2000',6,'Walsh','Cayser','885 Michigan Circle','6','6'
EXEC AddReport 'ac leo pellentesque ultrices mattis odio donec vitae nisi nam','Armed Robbery','6/29/2004',7,'Keelia','Gadney','108 Forest Run Avenue','7','7'
EXEC AddReport 'nibh in hac habitasse platea dictumst aliquam augue quam sollicitudin','Assault','6/9/2010',8,'Gardener','Kerton','9820 Randy Parkway','8','8'
EXEC AddReport 'eu interdum eu tincidunt in leo maecenas pulvinar lobortis est','Assault','11/18/1970',9,'Staffard','Victor','975 Eggendart Hill','9','9'
EXEC AddReport 'nulla mollis molestie lorem quisque ut erat curabitur gravida nisi','Criminal Mischief','4/8/1964',10,'Bartholomeus','Allden','394 Texas Park','10','10'
EXEC AddReport 'justo pellentesque viverra pede ac diam cras pellentesque volutpat dui','Larceny','11/27/1979',11,'Alane','Croom','9 American Ash Parkway','11','11'
EXEC AddReport 'nunc viverra dapibus nulla suscipit ligula in lacus curabitur at','Assault','7/24/1976',12,'Nanette','Delgardillo','1 Montana Park','12','12'
EXEC AddReport 'tempus sit amet sem fusce consequat nulla nisl nunc nisl','Assault','3/6/1958',13,'Husein','Presshaugh','66900 Lillian Trail','13','13'
EXEC AddReport 'justo in hac habitasse platea dictumst etiam faucibus cursus urna','Criminal Mischief','6/16/2021',14,'Tiffie','Fuke','590 Carioca Crossing','14','14'
EXEC AddReport 'consequat varius integer ac leo pellentesque ultrices mattis odio donec','Larceny','7/9/2005',15,'Amandi','Willimont','118 Old Shore Road','15','15'
EXEC AddReport 'cum sociis natoque penatibus et magnis dis parturient montes nascetur','Assault','2/21/1952',16,'Peder','Imlock','7472 School Lane','16','16'
EXEC AddReport 'orci pede venenatis non sodales sed tincidunt eu felis fusce','Larceny','12/28/1958',17,'Norean','Nunes Nabarro','76205 Sachs Avenue','17','17'
EXEC AddReport 'tempus sit amet sem fusce consequat nulla nisl nunc nisl','Larceny','1/12/2019',18,'Philly','Gepheart','185 Fair Oaks Street','18','18'
EXEC AddReport 'at feugiat non pretium quis lectus suspendisse potenti in eleifend','Criminal Mischief','6/18/2004',19,'Hatti','Biasini','6945 Heffernan Street','19','19'
EXEC AddReport 'aliquam sit amet diam in magna bibendum imperdiet nullam orci','Criminal Mischief','9/1/2010',20,'Desmund','Gazey','146 Aberg Center','20','20'
EXEC AddReport 'sapien arcu sed augue aliquam erat volutpat in congue etiam','Assault','11/10/1972',1,'Marillin','Kaliszewski','10 Lyons Road','21','21'
EXEC AddReport 'tincidunt ante vel ipsum praesent blandit lacinia erat vestibulum sed','Criminal Mischief','11/9/1976',2,'Breanne','Whatham','23 Menomonie Park','22','22'
EXEC AddReport 'dui vel nisl duis ac nibh fusce lacus purus aliquet','Criminal Mischief','9/23/2000',3,'Claudetta','Peascod','99 Cherokee Trail','23','23'
EXEC AddReport 'quis augue luctus tincidunt nulla mollis molestie lorem quisque ut','Larceny','8/24/1982',4,'Angelique','Drawmer','0 Cordelia Center','24','24'
EXEC AddReport 'eget orci vehicula condimentum curabitur in libero ut massa volutpat','Assault','1/6/2005',5,'Feliks','Ruddock','657 Lake View Alley','25','25'
EXEC AddReport 'morbi a ipsum integer a nibh in quis justo maecenas','Criminal Mischief','1/12/1954',6,'Anya','Vales','873 Elka Trail','26','26'
EXEC AddReport 'turpis adipiscing lorem vitae mattis nibh ligula nec sem duis','Criminal Mischief','5/22/1971',7,'Mersey','Perkin','2 High Crossing Center','27','27'
EXEC AddReport 'massa volutpat convallis morbi odio odio elementum eu interdum eu','Criminal Mischief','12/4/2018',8,'Constantine','Bartleman','146 Northridge Pass','28','28'
EXEC AddReport 'sit amet justo morbi ut odio cras mi pede malesuada','Armed Robbery','8/28/1989',9,'Felipa','Nunn','425 Prairieview Alley','29','29'
EXEC AddReport 'bibendum morbi non quam nec dui luctus rutrum nulla tellus','Assault','9/14/1988',10,'Mariele','Gerrill','2015 Shoshone Drive','30','30'
EXEC AddReport 'enim lorem ipsum dolor sit amet consectetuer adipiscing elit proin','Larceny','1/11/1953',11,'Norby','Drissell','6 Lunder Drive','31','31'
EXEC AddReport 'potenti in eleifend quam a odio in hac habitasse platea','Criminal Mischief','4/2/2000',12,'Abran','Hanscom','805 Bayside Trail','32','32'
EXEC AddReport 'nascetur ridiculus mus etiam vel augue vestibulum rutrum rutrum neque','Armed Robbery','3/12/1985',13,'Gaby','Bedrosian','01419 Kipling Center','33','33'
EXEC AddReport 'porttitor lorem id ligula suspendisse ornare consequat lectus in est','Criminal Mischief','12/21/1984',14,'Robinet','Wilson','21773 Hintze Pass','34','34'
EXEC AddReport 'eu nibh quisque id justo sit amet sapien dignissim vestibulum','Criminal Mischief','9/19/1987',15,'Parke','Shevell','70 Rusk Terrace','35','35'
EXEC AddReport 'erat id mauris vulputate elementum nullam varius nulla facilisi cras','Larceny','8/29/1989',16,'Irena','Petre','42321 Jana Plaza','36','36'
EXEC AddReport 'sit amet justo morbi ut odio cras mi pede malesuada','Assault','1/22/1981',17,'Merle','Corsan','604 Hollow Ridge Court','37','37'
EXEC AddReport 'a pede posuere nonummy integer non velit donec diam neque','Larceny','1/22/1963',18,'Isidoro','McOrkill','43491 Oak Valley Avenue','38','38'
EXEC AddReport 'eleifend quam a odio in hac habitasse platea dictumst maecenas','Larceny','11/9/1956',19,'Seana','Jennens','3281 Walton Circle','39','39'
EXEC AddReport 'felis ut at dolor quis odio consequat varius integer ac','Armed Robbery','9/17/1950',20,'Jaine','Pykerman','5290 Grayhawk Avenue','40','40'
EXEC AddReport 'quisque id justo sit amet sapien dignissim vestibulum vestibulum ante','Criminal Mischief','12/15/2020',1,'Layton','Eisak','77 Declaration Point','41','41'
EXEC AddReport 'ultrices libero non mattis pulvinar nulla pede ullamcorper augue a','Armed Robbery','9/18/2010',2,'Justine','Perview','04 Florence Park','42','42'
EXEC AddReport 'ante vestibulum ante ipsum primis in faucibus orci luctus et','Criminal Mischief','12/4/1954',3,'Kira','Nossent','41 Ilene Lane','43','43'
EXEC AddReport 'in consequat ut nulla sed accumsan felis ut at dolor','Larceny','11/13/2011',4,'Rose','Clayhill','1 Steensland Pass','44','44'
EXEC AddReport 'fringilla rhoncus mauris enim leo rhoncus sed vestibulum sit amet','Assault','12/11/2007',5,'Gaby','Feltham','6 East Road','45','45'
EXEC AddReport 'lectus vestibulum quam sapien varius ut blandit non interdum in','Larceny','2/28/1995',6,'Flynn','Hayworth','01733 Springview Circle','46','46'
EXEC AddReport 'curae nulla dapibus dolor vel est donec odio justo sollicitudin','Criminal Mischief','12/3/1991',7,'Rutherford','Waiton','26 Grover Crossing','47','47'
EXEC AddReport 'elit proin risus praesent lectus vestibulum quam sapien varius ut','Criminal Mischief','1/10/1989',8,'Ranna','Beardsworth','79 Lerdahl Drive','48','48'
EXEC AddReport 'sit amet consectetuer adipiscing elit proin risus praesent lectus vestibulum','Larceny','2/18/1974',9,'Perla','Mullord','6184 Esch Avenue','49','49'
EXEC AddReport 'justo eu massa donec dapibus duis at velit eu est','Assault','11/28/1987',10,'Carolee','Labuschagne','424 Prairieview Trail','50','50'
EXEC AddReport 'sem sed sagittis nam congue risus semper porta volutpat quam','Assault','8/10/2018',11,'Sayre','Tesyro','8 Little Fleur Trail','51','51'
EXEC AddReport 'tortor risus dapibus augue vel accumsan tellus nisi eu orci','Larceny','5/6/2002',12,'Karyn','Stieger','791 Buell Terrace','52','52'
EXEC AddReport 'nascetur ridiculus mus etiam vel augue vestibulum rutrum rutrum neque','Assault','9/1/1994',13,'Cooper','Aristide','91149 Gateway Parkway','53','53'
EXEC AddReport 'faucibus cursus urna ut tellus nulla ut erat id mauris','Larceny','5/13/1997',14,'Quentin','Belvard','3221 Express Hill','54','54'
EXEC AddReport 'duis bibendum morbi non quam nec dui luctus rutrum nulla','Larceny','6/4/1957',15,'Kerr','Aubri','3429 Declaration Road','55','55'
EXEC AddReport 'eget elit sodales scelerisque mauris sit amet eros suspendisse accumsan','Larceny','8/15/2005',16,'Lockwood','Sutor','0625 Dwight Trail','56','56'
EXEC AddReport 'vestibulum ac est lacinia nisi venenatis tristique fusce congue diam','Armed Robbery','4/11/1994',17,'Tomas','Winward','2567 Esker Hill','57','57'
EXEC AddReport 'quis odio consequat varius integer ac leo pellentesque ultrices mattis','Criminal Mischief','1/17/1973',18,'Thain','Dodd','953 Evergreen Drive','58','58'
EXEC AddReport 'molestie sed justo pellentesque viverra pede ac diam cras pellentesque','Larceny','5/8/1987',19,'Miguel','Wightman','97 Starling Parkway','59','59'
EXEC AddReport 'eu est congue elementum in hac habitasse platea dictumst morbi','Larceny','2/4/2005',20,'Margot','MacKniely','819 Packers Avenue','60','60'
EXEC AddReport 'felis donec semper sapien a libero nam dui proin leo','Criminal Mischief','7/26/2020',1,'Flossi','Teggart','2678 Oriole Junction','61','61'
EXEC AddReport 'suspendisse ornare consequat lectus in est risus auctor sed tristique','Criminal Mischief','5/8/2006',2,'Julius','Petrak','703 School Parkway','62','62'
EXEC AddReport 'tincidunt eu felis fusce posuere felis sed lacus morbi sem','Larceny','5/13/1958',3,'Nell','Cullen','2418 Nova Plaza','63','63'
EXEC AddReport 'et ultrices posuere cubilia curae nulla dapibus dolor vel est','Criminal Mischief','8/18/1983',4,'Fania','Orteu','81 Katie Lane','64','64'
EXEC AddReport 'platea dictumst maecenas ut massa quis augue luctus tincidunt nulla','Armed Robbery','7/26/2003',5,'Elaine','Joannidi','6842 East Avenue','65','65'
EXEC AddReport 'ut dolor morbi vel lectus in quam fringilla rhoncus mauris','Assault','12/31/1981',6,'Leonora','Haseman','30547 Elka Avenue','66','66'
EXEC AddReport 'integer aliquet massa id lobortis convallis tortor risus dapibus augue','Larceny','10/3/1972',7,'Camey','Prout','6788 Northview Park','67','67'
EXEC AddReport 'primis in faucibus orci luctus et ultrices posuere cubilia curae','Armed Robbery','6/17/2019',8,'Danie','Lalley','96 Bunting Avenue','68','68'
EXEC AddReport 'ligula vehicula consequat morbi a ipsum integer a nibh in','Larceny','10/9/1963',9,'Reggie','Gaunt','0 Tomscot Avenue','69','69'
EXEC AddReport 'sit amet lobortis sapien sapien non mi integer ac neque','Assault','4/8/1962',10,'Vania','Bartolomeazzi','233 Bultman Way','70','70'
EXEC AddReport 'habitasse platea dictumst maecenas ut massa quis augue luctus tincidunt','Criminal Mischief','11/16/1964',11,'Hermia','Sanham','5 Gateway Pass','71','71'
EXEC AddReport 'rhoncus aliquet pulvinar sed nisl nunc rhoncus dui vel sem','Criminal Mischief','1/10/1986',12,'Doug','Brokenshire','198 Westridge Alley','72','72'
EXEC AddReport 'fusce posuere felis sed lacus morbi sem mauris laoreet ut','Criminal Mischief','4/12/1977',13,'Kelcy','Oldall','76 Armistice Parkway','73','73'
EXEC AddReport 'vitae ipsum aliquam non mauris morbi non lectus aliquam sit','Larceny','2/4/1980',14,'Sherwood','Bole','63301 Summerview Park','74','74'
EXEC AddReport 'cras in purus eu magna vulputate luctus cum sociis natoque','Assault','12/15/1999',15,'Chloe','Biscomb','7291 Sunbrook Lane','75','75'
EXEC AddReport 'donec dapibus duis at velit eu est congue elementum in','Assault','1/29/1969',16,'Edgard','Sprankling','0105 Blue Bill Park Avenue','76','76'
EXEC AddReport 'turpis elementum ligula vehicula consequat morbi a ipsum integer a','Larceny','6/28/1963',17,'Jessica','Beasley','78994 Graedel Park','77','77'
EXEC AddReport 'sollicitudin mi sit amet lobortis sapien sapien non mi integer','Criminal Mischief','6/29/2015',18,'Queenie','Dudman','24 Division Trail','78','78'
EXEC AddReport 'lectus in est risus auctor sed tristique in tempus sit','Assault','2/3/1998',19,'Herve','Huyge','538 Vermont Lane','79','79'
EXEC AddReport 'sed sagittis nam congue risus semper porta volutpat quam pede','Assault','12/12/1994',20,'Madelon','Bellino','8 Jana Plaza','80','80'
EXEC AddReport 'dolor vel est donec odio justo sollicitudin ut suscipit a','Criminal Mischief','12/30/1956',1,'Carlina','Spratley','6 West Lane','81','81'
EXEC AddReport 'ut odio cras mi pede malesuada in imperdiet et commodo','Larceny','1/20/1980',2,'Lynde','Howlings','7 Fisk Point','82','82'
EXEC AddReport 'lectus vestibulum quam sapien varius ut blandit non interdum in','Criminal Mischief','5/8/2020',3,'Abbye','Fourmy','83 Almo Park','83','83'
EXEC AddReport 'et ultrices posuere cubilia curae mauris viverra diam vitae quam','Assault','9/5/1993',4,'Bondon','Antos','5381 Surrey Center','84','84'
EXEC AddReport 'sodales scelerisque mauris sit amet eros suspendisse accumsan tortor quis','Armed Robbery','7/22/2002',5,'Wini','Laboune','06091 Hudson Avenue','85','85'
EXEC AddReport 'aliquet pulvinar sed nisl nunc rhoncus dui vel sem sed','Criminal Mischief','8/25/2002',6,'Adel','Garr','91 Barby Park','86','86'
EXEC AddReport 'amet consectetuer adipiscing elit proin risus praesent lectus vestibulum quam','Criminal Mischief','9/24/1971',7,'Bear','Bussell','4595 Montana Road','87','87'
EXEC AddReport 'nibh fusce lacus purus aliquet at feugiat non pretium quis','Larceny','3/7/1970',8,'Sinclare','Whitlock','59 Spenser Avenue','88','88'
EXEC AddReport 'metus aenean fermentum donec ut mauris eget massa tempor convallis','Larceny','2/26/2006',9,'Donni','Powis','768 Vermont Pass','89','89'
EXEC AddReport 'consequat morbi a ipsum integer a nibh in quis justo','Assault','7/21/1975',10,'Fanya','Knutton','05470 Colorado Plaza','90','90'
EXEC AddReport 'montes nascetur ridiculus mus vivamus vestibulum sagittis sapien cum sociis','Criminal Mischief','4/28/1977',11,'Alvira','Folli','98 Milwaukee Plaza','91','91'
EXEC AddReport 'nam congue risus semper porta volutpat quam pede lobortis ligula','Larceny','2/19/2007',12,'Nicola','Forber','60 Thompson Road','92','92'
EXEC AddReport 'tincidunt eu felis fusce posuere felis sed lacus morbi sem','Criminal Mischief','3/17/1977',13,'Constancy','Duke','9799 Granby Parkway','93','93'
EXEC AddReport 'mattis egestas metus aenean fermentum donec ut mauris eget massa','Criminal Mischief','7/2/2012',14,'Dalt','Likly','70036 Corben Crossing','94','94'
EXEC AddReport 'ornare imperdiet sapien urna pretium nisl ut volutpat sapien arcu','Larceny','11/18/1958',15,'Feodora','Pockey','15620 Gateway Trail','95','95'
EXEC AddReport 'sed magna at nunc commodo placerat praesent blandit nam nulla','Larceny','1/28/2012',16,'Homere','Renehan','4 Nelson Way','96','96'
EXEC AddReport 'etiam pretium iaculis justo in hac habitasse platea dictumst etiam','Criminal Mischief','12/21/1951',17,'Linea','Wakeley','23 Elmside Point','97','97'
EXEC AddReport 'libero ut massa volutpat convallis morbi odio odio elementum eu','Armed Robbery','10/26/1964',18,'Cacilia','Boyan','8723 Crescent Oaks Hill','98','98'
EXEC AddReport 'consequat morbi a ipsum integer a nibh in quis justo','Criminal Mischief','8/9/1965',19,'Ada','Potte','0 Iowa Way','99','99'
EXEC AddReport 'interdum eu tincidunt in leo maecenas pulvinar lobortis est phasellus','Larceny','12/1/2017',20,'Nap','Macieja','104 Eggendart Trail','100','100'
EXEC AddReport 'neque sapien placerat ante nulla justo aliquam quis turpis eget','Armed Robbery','2/23/2015',1,'Bil','Le Blond','78 Fulton Circle','101','1'
EXEC AddReport 'at vulputate vitae nisl aenean lectus pellentesque eget nunc donec','Criminal Mischief','2/13/1956',2,'Helen-elizabeth','Whitehall','95202 Londonderry Avenue','102','2'
EXEC AddReport 'congue elementum in hac habitasse platea dictumst morbi vestibulum velit','Criminal Mischief','5/23/1955',3,'Tressa','Taunton.','67 Brickson Park Park','103','3'
EXEC AddReport 'tincidunt eu felis fusce posuere felis sed lacus morbi sem','Criminal Mischief','5/17/2001',4,'Kimberley','Peperell','73665 Crest Line Parkway','104','4'
EXEC AddReport 'lobortis convallis tortor risus dapibus augue vel accumsan tellus nisi','Criminal Mischief','11/19/1984',5,'Melisandra','Lamborne','6 Carey Junction','105','5'
EXEC AddReport 'enim blandit mi in porttitor pede justo eu massa donec','Armed Robbery','12/9/1993',6,'Cal','Downing','6674 Waubesa Avenue','106','6'
EXEC AddReport 'purus aliquet at feugiat non pretium quis lectus suspendisse potenti','Armed Robbery','2/25/2003',7,'Marieann','Preto','0479 Donald Center','107','7'
EXEC AddReport 'lacinia eget tincidunt eget tempus vel pede morbi porttitor lorem','Armed Robbery','8/1/1991',8,'Godard','Sinott','20 Monument Alley','108','8'
EXEC AddReport 'nam dui proin leo odio porttitor id consequat in consequat','Larceny','8/31/1958',9,'Nadine','Fargher','87 International Parkway','109','9'
EXEC AddReport 'vestibulum proin eu mi nulla ac enim in tempor turpis','Larceny','12/29/1970',10,'Alene','Twitchings','4 Waubesa Lane','110','10'
EXEC AddReport 'in lacus curabitur at ipsum ac tellus semper interdum mauris','Armed Robbery','10/4/1967',11,'Timothea','Beurich','411 Vermont Street','111','11'
EXEC AddReport 'ornare imperdiet sapien urna pretium nisl ut volutpat sapien arcu','Assault','11/9/1961',12,'Norbert','Streeton','39136 Muir Point','112','12'
EXEC AddReport 'nam congue risus semper porta volutpat quam pede lobortis ligula','Assault','2/26/2006',13,'Yorker','Powney','38604 Forster Circle','113','13'
EXEC AddReport 'leo rhoncus sed vestibulum sit amet cursus id turpis integer','Criminal Mischief','12/25/2010',14,'Ingeberg','Jovis','1 Artisan Plaza','114','14'
EXEC AddReport 'id turpis integer aliquet massa id lobortis convallis tortor risus','Assault','5/5/1968',15,'Archambault','Sharphurst','2 Stephen Court','115','15'
EXEC AddReport 'tempus vel pede morbi porttitor lorem id ligula suspendisse ornare','Assault','7/12/1963',16,'Mort','Burdett','558 Anzinger Center','116','16'
EXEC AddReport 'ipsum ac tellus semper interdum mauris ullamcorper purus sit amet','Armed Robbery','3/31/2015',17,'Skipp','Hawarden','90 David Place','117','17'
EXEC AddReport 'odio elementum eu interdum eu tincidunt in leo maecenas pulvinar','Criminal Mischief','10/24/1973',18,'Olympia','Blackie','07447 Del Mar Circle','118','18'
EXEC AddReport 'non mauris morbi non lectus aliquam sit amet diam in','Assault','2/23/1996',19,'Lelah','Gilliver','94788 Kinsman Drive','119','19'
EXEC AddReport 'ante ipsum primis in faucibus orci luctus et ultrices posuere','Armed Robbery','4/21/1998',20,'Justine','Berthomieu','6 Boyd Court','120','20'
EXEC AddReport 'porttitor id consequat in consequat ut nulla sed accumsan felis','Armed Robbery','12/23/1966',1,'Demeter','Poupard','678 Goodland Alley','121','21'
EXEC AddReport 'eu felis fusce posuere felis sed lacus morbi sem mauris','Armed Robbery','6/18/2018',2,'Pietro','Seyers','9278 Jenifer Lane','122','22'
EXEC AddReport 'habitasse platea dictumst maecenas ut massa quis augue luctus tincidunt','Larceny','2/15/1953',3,'Rik','Mathwen','93761 Crest Line Alley','123','23'
EXEC AddReport 'fusce consequat nulla nisl nunc nisl duis bibendum felis sed','Assault','6/29/2011',4,'Eldredge','Semkins','3 Johnson Plaza','124','24'
EXEC AddReport 'pede libero quis orci nullam molestie nibh in lectus pellentesque','Larceny','12/29/1978',5,'Lonee','Trevarthen','3 Talmadge Terrace','125','25'
EXEC AddReport 'parturient montes nascetur ridiculus mus etiam vel augue vestibulum rutrum','Criminal Mischief','1/24/2004',6,'Buck','Thorogood','32 Onsgard Avenue','126','26'
EXEC AddReport 'mauris vulputate elementum nullam varius nulla facilisi cras non velit','Criminal Mischief','5/5/1980',7,'Wade','Bortolozzi','67697 Surrey Parkway','127','27'
EXEC AddReport 'nullam porttitor lacus at turpis donec posuere metus vitae ipsum','Larceny','6/5/1978',8,'Morrie','Bullingham','992 Hovde Circle','128','28'
EXEC AddReport 'nibh ligula nec sem duis aliquam convallis nunc proin at','Armed Robbery','6/28/2017',9,'Leisha','Christer','6712 Sundown Pass','129','29'
EXEC AddReport 'ultrices aliquet maecenas leo odio condimentum id luctus nec molestie','Armed Robbery','11/3/2012',10,'Blisse','Lomasney','219 Buell Terrace','130','30'
EXEC AddReport 'tincidunt eu felis fusce posuere felis sed lacus morbi sem','Armed Robbery','5/31/1999',11,'Dareen','Brusin','139 Duke Way','131','31'
EXEC AddReport 'accumsan tellus nisi eu orci mauris lacinia sapien quis libero','Larceny','11/27/1970',12,'Brendon','Sinnock','46 Blue Bill Park Crossing','132','32'
EXEC AddReport 'in magna bibendum imperdiet nullam orci pede venenatis non sodales','Assault','3/10/1991',13,'Yank','Deacock','3 Service Junction','133','33'
EXEC AddReport 'erat nulla tempus vivamus in felis eu sapien cursus vestibulum','Assault','4/1/2008',14,'Karissa','Leist','10712 Sachs Terrace','134','34'
EXEC AddReport 'quisque erat eros viverra eget congue eget semper rutrum nulla','Armed Robbery','1/2/2007',15,'Bee','Green','0 Ruskin Terrace','135','35'
EXEC AddReport 'hac habitasse platea dictumst aliquam augue quam sollicitudin vitae consectetuer','Criminal Mischief','10/26/1953',16,'Berthe','Eberlein','25 Scott Street','136','36'
EXEC AddReport 'interdum mauris ullamcorper purus sit amet nulla quisque arcu libero','Assault','7/31/1982',17,'Julina','McWhorter','20740 Crowley Junction','137','37'
EXEC AddReport 'nec nisi volutpat eleifend donec ut dolor morbi vel lectus','Larceny','4/12/2003',18,'David','Dillaway','9 Warner Plaza','138','38'
EXEC AddReport 'sapien ut nunc vestibulum ante ipsum primis in faucibus orci','Criminal Mischief','9/8/1982',19,'Sammy','Shapira','05 North Drive','139','39'
EXEC AddReport 'porttitor pede justo eu massa donec dapibus duis at velit','Larceny','3/23/1979',20,'Marvin','Whimp','358 Cherokee Crossing','140','40'
EXEC AddReport 'nulla nisl nunc nisl duis bibendum felis sed interdum venenatis','Criminal Mischief','5/26/1988',1,'Magda','Duckinfield','268 Mayfield Street','141','41'
EXEC AddReport 'arcu sed augue aliquam erat volutpat in congue etiam justo','Criminal Mischief','1/7/2014',2,'Claude','Naile','757 Pierstorff Terrace','142','42'
EXEC AddReport 'lectus vestibulum quam sapien varius ut blandit non interdum in','Criminal Mischief','4/30/2018',3,'Sean','Border','5967 Moland Road','143','43'
EXEC AddReport 'non pretium quis lectus suspendisse potenti in eleifend quam a','Larceny','11/13/1999',4,'Curr','Dukelow','9 Melody Avenue','144','44'
EXEC AddReport 'porta volutpat erat quisque erat eros viverra eget congue eget','Larceny','2/6/1971',5,'Adriano','Donnison','49828 2nd Drive','145','45'
EXEC AddReport 'velit id pretium iaculis diam erat fermentum justo nec condimentum','Criminal Mischief','2/16/1998',6,'Trenna','Ogborn','7039 Vidon Pass','146','46'
EXEC AddReport 'interdum mauris ullamcorper purus sit amet nulla quisque arcu libero','Criminal Mischief','9/8/2000',7,'Gerti','Harsnep','86006 Oneill Street','147','47'
EXEC AddReport 'tellus nisi eu orci mauris lacinia sapien quis libero nullam','Criminal Mischief','2/5/2016',8,'Myrtice','Biernat','72450 Toban Court','148','48'
EXEC AddReport 'molestie sed justo pellentesque viverra pede ac diam cras pellentesque','Armed Robbery','3/21/1961',9,'Grady','Blacklock','39 Reindahl Center','149','49'
EXEC AddReport 'cubilia curae mauris viverra diam vitae quam suspendisse potenti nullam','Criminal Mischief','10/3/1994',10,'Aldous','Taffe','93446 Saint Paul Alley','150','50'
